Organization Name,Website
Micro Contrôle Spectra-Physics S.A.,www.newport.com
Esigelec,www.groupe-esigelec.org
Parker Hannifin Manufacturing France SAS,www.parkerfrance.fr/
Zodiac Aerospace,www.zodiacaerospace.com
Chevron Oronite,www.chevron.com/products/oronite/contact/europe-africa.html
Vinci Construction Si,www.vinci-construction.com
Forsee Power,www.forseepower.com
CNRS - Scientific Research National Center,www.cnrs.fr
Capgemini,www.capgemini.com
École normale supérieure,www.ens.fr
Saint-Gobain S.A.,www.saint-gobain.com
Schneider Electric,www.schneider-electric.fr
Styrel,www.styrel.fr
ALSTOM Transport SA,www.alstomgroup.com
Merck Kgaa,www.merckgroup.com
Thales,www.thalesgroup.com
Altran Corp,www.altran.com
Asteelflash Group,www.asteelflash.com/
Inserm,www.inserm.fr
MESULOG,www.mesulog.fr
Groupe Atlantic,www.groupe-atlantic.com
Airbus Group,www.airbus.com
Emsch Cutter,www.ems-ch.com
Fullsave Sas,www.fullsave.com
SKF Magnetic Mechatronics,www.skf.com/fr/index.html
Onera - Le Center De Recherche Français Aérospatiale,www.onera.fr/
Supélec,www.centralesupelec.fr
Lgm,www.lgm.fr
M3 Systems,www.m3systems.net
Alcatraz it the service provider,www.alcatraz.fr
Centumadeneo,www.centumadeneo.com
VIVERIS TECHNOLOGIES,www.viveris.fr
NERYS,www.nerys.biz
Fprt,www.fprt.com
Insa,-
CETIM Technical Centre for Mechanical Industries,www.cetim.fr
Akka Technologies Sa,www.akka.eu/
Safran,www.safrangroup.com
ALLIANCE VISION,www.alliancevision.com
Orange Business Services,www.orange-business.com
Phalanx,www.phalanx.fr
Ciele Ingenierie,www.ciele.fr
Innodura TB,www.innodura.fr
GROUPE CAHORS SA,www.groupe-cahors.com
SERMA Group,www.serma.com
ARDPI,www.ardpi.com
G Cartier Technologies,www.gcartiertechnologies.com
LACROIX Electronics S.A.S.,www.lacroix-electronics.com
"Watts Water Technologies, Inc.",www.wattswater.com
Stromag GmbH,www.stromag.com
BioMérieux,www.biomerieux.com
Dolphin Integration,www.dolphin.fr/
LARISYS INDUSTRIES,www.larisys.france
Optec Industries,www.optec-industries.com
Olm,www.olm.fr
SAPHIR - Signal Physique et Instrumentation,www.saphir.fr
Prestagroup,www.prestagroup.com
Groupe Renault,www.renault.com
Quasar Concept,www.quasar-concept.fr
ARDIA (ACTIA Group),www.actia.fr
Avsimulation,www.avsimulation.fr
Expleo Group,expleogroup.com/
Avur A,-
Mersen,www.mersen.com
Manufacture Française des Pneumatiques Michelin,www.michelin.com
Leach International Europe,www.leachint.com
Safran Composites,-
Dassault Systèmes,www.3ds.com
SAGEMCOM,www.sagemcom.com
INEVA SAS,www.ineva.fr
ITECA SOCADEI,www.iteca.fr
Angaratech,www.angaratech.ch
European Synchrotron Radiation Facility - ESRF,www.esrf.fr
Montpellier Méditerranée Métropole,www.montpellier-agglo.com
Sgd Sa,www.sgdgroup.com
Imerys Sa,www.imerys.com
Stepat,-
Terabee,www.terabee.com
Emcfrance,-
CMD LYON Constructions Métalliques,www.cmdlyon.com
INDATECH Beyond Spectroscopy,www.indatech.eu
Radiall,www.radiall.com
saftbatteries,www.saftbatteries.com
Arcale,-
Sodielec,-
Rubix S&I,www.rubixsi.com
Cedrat Technologies,www.cedrat-tec.com
CESAM-LAB,www.cesam-lab.com
Leroy Automatique Industrielle,www.leroy-autom.com
Bolloretechnologies,www.bollore-technologies.fr
EMLV Paris,www.devinci.fr
Trietud sas,www.trietud.fr
V-Motech,www.v-motech.com
Fayat Group,www.fayat.com
Reithler   (20.1),-
Mlsware,www.mlsware.com
Desoutter Tools,www.desouttertools.com
ATS   (Corsica),www.ats.corsica
exlyon,-
Kerneos,www.kerneos.com
Wyplay,www.wyplay.com
Altitem,www.altitem.fr
Cirtes Src,www.cirtes.fr
Integration Objects,www.integrationobjects.com
AXALP,www.axalp.fr
Top Management France,www.topmanagement.fr
Intest Sa,www.intest.fr
Cesson-Sévigné - Ville,www.ville-cesson-sevigne.fr
Prodways,www.prodways.com
Bontaz France,www.bontaz.com
Snef Gr,www.snef.fr
Pragma Industries,www.pragma-industries.com/
LEAPfactory srl,www.leapfactory.it
Fydshop,www.fyd-shop.com
Enayu,www.enayu.com
Yes We Camp,www.yeswecamp.org
AXA,www.axa.fr
Cirad,-
Ikexpress,www.ikexpress.com
Portfoliobox,www.portfoliobox.net
ITER Organization,www.iter.org
Inptoulouse,www.inp-toulouse.fr
Upmfgrenoble,www.iut2.upmf-grenoble.fr
SOCOMEC,www.socomec.com
Hubert Saladin,www.hubertsaladin.com
Altran Technologies SA,www.altran.it
Valeosiemens,www.valeo-siemens.com
Jll/Cth,-
Abrisalu,www.abris-alu.fr
Ghomi,www.ghomi.com
Mútua - Caixa de Assistência dos Profissionais do Crea,www.mutua.com.br
École nationale supérieure de techniques avancées Bretagne,www.ensta-bretagne.org
LEsquisse Verte,www.lesquisse-verte.com
EuroPiscine,www.mabaleine.com
Amenagement Recherche Poles D'Echanges,-
Laboratoire D'Automatique Et D'Analyse Des Systeme,www.laas.fr
REZOCEAN,www.rezocean.fr
Societe La Financiere De L Ombree,www.eolane.com
Atos SE,www.atos.net
Nomotech,www.nomotech.com
Ceiba,www.ceiba.pro
Cci Salorges,-
Vincienergies,www.vinci-energies.net
Carrefour,www.carrefour.com
Qmt Group,-
Roche-Bobois,www.roche-bobois.com
myCANAL,www.canal-plus.com
Hauts-de-Seine,www.hauts-de-seine.fr
Infonie,www.infonie.fr
Captain Tortue France,www.captaintortue.com
EDF,www.edf.fr/edf-recrute
OpenIP,www.openip.fr
Pokemon,www.pokemon.com
Guezguyane,www.guezguyane.fr
Groupve,-
frekences,www.frekences.com
librairie de bagatelle,www.kakito.com
Etamine,www.etamine.coop
Akka Technologies Sa,www.akka.eu/
Asylum,-
SARL Lost Oasis,www.ielo-liazo.com
C'PRO Informatique,www.cpro.fr
Systemeu,www.systeme-u.fr
Cling,www.cling.fr
Vinci Construction Si,www.vinci-construction.com
Novelcom,www.novel-com.fr
Maine-et-Loire,www.maine-et-loire.fr
ALSTOM Transport SA,www.alstomgroup.com
Semaly,-
Wanado,www.wanado.fr
Mpsa,www.mpsa.coml
Onp,-
Mensludi,www.mensludi.com
Daniel Moquet Signe Vos Allees,www.daniel-moquet.com
Galeries Lafayette Sa,-
Tpfi,www.tpfi.fr
GMPA Groupement Militaire de Prévoyance des Armées,www.gmpa.fr
Cerfrance,www.cerfrance.fr
InFlor,www.in-flor.com
Abeoerp,-
"LightInTheBox Holding Co., Ltd.",www.lightinthebox.com
Radio France - Societe Nationale De Radiodiffusion,www.radiofrance.com
ALTEN Technology USA,www.alten.com
Wilmotte Associes Arcj,-
Domdvvd,-
Stx Europe,www.stxeurope.com
Les Compagnons Du Devoir,www.compagnons-du-devoir.com
Spie,-
Banquepopulaire,www.banquepopulaire.fr
Mehdi Mohamadi,-
PopUp House,www.popup-house.com
Girus,www.girus.fr
Bollore SA,www.bollore.com
Ikea,www.ikea.fr
Entreposeechafaudages,www.entrepose-echafaudages.fr
Dam,www.dam.fr
Kavoshjoosh,www.kavoshjoosh.com
Lwa,-
Mapachehosting,www.mapachehosting.com
Vallourec,www.vallourec.com
