Organization Name,Country,Website
TTW Indonesia,Indonesia,www.ttwindonesia.com
PT. Rigeltama Sukses Mandiri,Indonesia,www.rigeltama.com
PT. TSM Purwokerto,Indonesia,-
Warkop DD 1,Indonesia,-
Zamil Property,Indonesia,zamilproperty.com/
Cipta Adi / CAD,Indonesia,-
Atelier 6 Struktur,Indonesia,-
ADR - Adrian Agus,Indonesia,-
Multibrata Anugerah Utama,Indonesia,www.mau.co.id/
Wika Modular,Indonesia,modular-wg.com/
Tandy Herberth,Indonesia,-
Pt Deltakoni,Indonesia,-
ikp,Indonesia,-
newcomsx,Indonesia,-
Tentrem Project,Indonesia,-
Eko Juwanto,Indonesia,-
Taruko Mandiri,Indonesia,-
pria akbar,Indonesia,-
PT. Adicipta Inovasi Teknologi,Indonesia,www.ad-ins.com
OT For You,Indonesia,www.ot.id
Mega Cipta,Indonesia,-
CV. Wira Buana Consultant,Indonesia,-
Solenis,Indonesia,www.solenis.com
Inovator Nusantara,Indonesia,www.inovatornusantara.com
Trocon,Indonesia,www.trocon.co.id
Politeknik Negeri Semarang,Indonesia,-
PT. Lapi ITB - Consultant,Indonesia,-
Giken,Indonesia,www.giken.co.id
MSR01,Indonesia,-
Epsilon,Indonesia,-
PT Duta Kalingga Pratama,Indonesia,www.sgp-dkp.com
Rumah Idaman,Indonesia,-
PT. SHE,Indonesia,-
Pola Data Consultant,Indonesia,-
CKD,Indonesia,-
PT. Aerocom JENCO Indonesia,Indonesia,www.aerocom.co.id
PT. Karisma Medika Utama,Indonesia,-
m. khofidul qolbi,Indonesia,-
PT BBA,Indonesia,-
Yahol,Indonesia,www.yahol.cl
Global-Automation,Indonesia,www.global-automation.in
Suhariyanto,Indonesia,www.suhariyanto.com
PT. Dwijaya Sentral Sarana,Indonesia,www.dwisensa.com
Gooptix,Indonesia,www.gooptix.id
x.commerce,Indonesia,www.x.com
Politeknik Negeri Bandung,Indonesia,-
PT. Limajabat Jaya,Indonesia,limajabatjaya.blogspot.com/
Violet,Indonesia,www.violet.unp
PT. Binanusa Pracetak dan Rekayasa,Indonesia,-
Blynk,Indonesia,www.blynk.cc
PT. THREDIO ENGINEERING,Indonesia,www.thredio.com
Kementerian Perhubungan RI,Indonesia,www.dephub.go.id
Dedeher,Indonesia,-
Makarya L2 Selatan,Indonesia,-
Pt. Partono Fondas,Indonesia,www.partonofondas.com/
Kontrakan BAS,Indonesia,-
Vilamas,Indonesia,-
PT. Arihta Teknik Persada,Indonesia,-
hendro setiawan,Indonesia,-
Pt Ometraco Jakarta,Indonesia,-
Sukomitra,Indonesia,www.sukomitra.co.id
JHS System,Indonesia,www.jhs-system.com
TLG,Indonesia,-
Lee & Co,Indonesia,www.blogger.com/profile/02459462595979932490
PT. SHAFTINDO ENERGI,Indonesia,www.shaftindoenergi.co.id
Duta Hita Jaya,Indonesia,www.dutahitajaya.co.id/
Badan Pengkajian Dan Penerapan Teknologi (Bppt),Indonesia,www.bppt.go.id
Lantai satu tiga,Indonesia,-
Engineering lpp,Indonesia,-
PT Strukkon Trimitra Engineering,Indonesia,-
PT Adhimix PCI Indonesia,Indonesia,www.adhimix.co.id
Dody Purnomo,Indonesia,-
Mahendra,Indonesia,www.mahendra.com
Pt. Pln (Persero) Jasa Manajemen Konstruksi,Indonesia,www.pln.co.id/
Dekoruma,Indonesia,www.dekoruma.com
Charles Widiyanto,Indonesia,www.galerimebel.com
Astra,Indonesia,www.ikp.component.astra.co.id
Badan Pusat Statistik,Indonesia,www.bps.go.id
Iportal,Indonesia,www.iportal.id
Telkomflexi,Indonesia,www.telkomflexi.com
PT.SEMEN BOSOWA INDONESIA,Indonesia,www.bosowa.co.id
Banyuwangikab,Indonesia,www.banyuwangikab.go.id
Go-Jek,Indonesia,www.go-jek.com
Politeknik Negeri Semarang,Indonesia,-
BPJS Ketenagakerjaan,Indonesia,www.bpjsketenagakerjaan.go.id
MEDCO ENERGI INTL,Indonesia,www.medcoenergi.com
PT. Meinhardt Indonesia,Indonesia,www.meinhardt.co.id
BINUS Alumni Relation Office - ARO,Indonesia,www.binusian.org
Pulauintan,Indonesia,www.pulauintan.com
Oravel Stays Pvt. Ltd,Indonesia,www.oyoproperties.com
interlook,Indonesia,www.interlook.co.id
Litac. PT,Indonesia,www.litac-consultant.com
Mtaf,Indonesia,www.mtaf.sch.id
Sukyf,Indonesia,www.sukyf.com
Mampang Square Tower A3 Lt,Indonesia,-
Primadesign,Indonesia,www.primadesign.co
Phsspertamina,Indonesia,www.phss-pertamina.com
PT Hutama Karya Infrastruktur,Indonesia,hkinfrastruktur.com
Tsds,Indonesia,www.tsds.id
Imania Desain,Indonesia,www.imaniadesain.com
PT. Tugu Sena Sinergi,Indonesia,www.tuguss.com
PT Titan Infra Energy,Indonesia,www.titaninfra.com
Pt. Sakti Putra Mandiri,Indonesia,-
Mssmassociates,Indonesia,www.mssmassociates.com
Ptbrs,Indonesia,www.pt-brs.co.id
Harapan Jaya Sentosa. PT,Indonesia,www.harapancons.com
Arwana Ceramics,Indonesia,www.pgk.arwanacitra.com
PT Cakrawala Inti Nusantara,Indonesia,www.cakrawala.xyz
PT. Nirvana Wastu Pratama,Indonesia,www.nwpretail.com
Dutamall,Indonesia,www.dutamall.co.id
Selong Selo Resort & Residences,Indonesia,www.selongselo.com
PT. Diraja Surya Furniture,Indonesia,www.diraja-surya.com
Kancastudio,Indonesia,www.kancastudio.com
Northcliffdevelopment,Indonesia,www.northcliffdevelopment.com
Abdaelnusa,Indonesia,www.abdaelnusa.co.id
Woodparkgroup,Indonesia,www.woodparkgroup.com
Imip,Indonesia,www.imip.co.id
M,Indonesia,www.m.r3.ho.gsd
Orangescale.COM,Indonesia,www.seveners.com
Kementerian Energi dan Sumber Daya Mineral,Indonesia,www.esdm.go.id
Surganyamotor,Indonesia,www.surganyamotor.co.id
Aditeam,Indonesia,www.aditeam.co.id
Gmt,Indonesia,www.gmt.id
Studio Tropis,Indonesia,www.studiotropis.com
Bali Villa Construction,Indonesia,www.balivillaconstruction.com
Masami,Indonesia,www.masami.co.id
Sahabat INACO,Indonesia,www.inacofood.com
Dionchstudio,Indonesia,www.dionchstudio.com
KML Food,Indonesia,www.kmlseafood.com
Mahakamsawit,Indonesia,www.mahakamsawit.co.id
PT. Web Architect Technology,Indonesia,www.jingga-architect.com
Ptskm,Indonesia,www.ptskm.com
Eipenergy,Indonesia,www.eipenergy.com
ANGKASA ARCHITECTS,Indonesia,www.angkasaarchitects.com
Mirota Kampus 2 Simanjuntak,Indonesia,www.mirotakampus.com
PT Chrombit DIgital Lab,Indonesia,www.chaeum-design.com
Betadesain,Indonesia,www.betadesain.com
Mycf,Indonesia,-
Indopropertycamp,Indonesia,www.indopropertycamp.com
Advan i7U,Indonesia,-
PT. Ieglo Digital Kreasi,Indonesia,www.ieglo.com
Alfredarchitect,Indonesia,www.alfredarchitect.com
Sungaibambu,Indonesia,www.sungaibambu.com
Arsindo Cipta Karya,Indonesia,www.arsindociptakarya.com
Cipika Indonesia,Indonesia,www.cipika.co.id
Primoland,Indonesia,www.primoland.com
Mitraenergiperkasa,Indonesia,www.mitraenergiperkasa.co.id
Dedy Bunnardy,Indonesia,www.asiaciptakreasi.com
Aditkok,Indonesia,www.aditkok.com
Hesti Hesti,Indonesia,www.karaniworks.com
Jhonlinbaratama,Indonesia,www.jhonlinbaratama.co.id
Adpmaxima,Indonesia,www.adpmaxima.com
Chopchopworkshop,Indonesia,www.chopchopworkshop.com
Movindo,Indonesia,www.movindo.id
Ranelagh Pte Ltd,Indonesia,www.alodokter.com
CV. MUI Indonesia,Indonesia,www.muifurniture.com
Realtorsolo,Indonesia,www.realtorsolo.com
Aedeko,Indonesia,www.aedeko.com
frecom - Indonesia,Indonesia,-
Integraoptima,Indonesia,www.integraoptima.co.id
Permai Scuba Dive,Indonesia,www.permaiscubadive.com
Yayasan Doktor Yap Prawirohusodo - Yogyakarta,Indonesia,-
Furnitureindah,Indonesia,www.furnitureindah.com
Tic Group Indonesia,Indonesia,www.tuntexinc.com/map.asp?id=43
Idmetafora,Indonesia,www.arsifab.com
Chevilly Resort & Camp,Indonesia,www.chevillyresort.com
Randiri,Indonesia,www.randiri.com
Tamora Group,Indonesia,www.tamoragroup.com
CV Electra Group,Indonesia,www.electragroup.co.id
Arch,Indonesia,www.arch.id
Mipcon,Indonesia,www.mipcon.co.id
Rsudhasanbasry,Indonesia,www.rsudhasanbasry.or.id
Kementerian BUMN,Indonesia,www.bumn.go.id
Onisis Technology,Indonesia,www.24jam.asia
Bumianam,Indonesia,www.bumianam.co.id
Vipemtek,Indonesia,www.vip-emtek.com
PT. Pratiwi Putri Sulung,Indonesia,www.pratiwi.com
Bimo Hutomo,Indonesia,www.bimohutomo.com
PT. Takenaka Indonesia,Indonesia,www.takenaka.co.jp
PT Pertamina (Persero),Indonesia,www.pertamina.com
Guru Pembelajar,Indonesia,www.guruku.id
Pdw,Indonesia,www.pdw.com
Direktorat Jenderal Pajak Kementerian Keuangan Republik Indonesia,Indonesia,www.pajak.go.id
Ministry Of Public Work,Indonesia,www.pu.go.id
MNC Corporation,Indonesia,www.mncgroup.com
Customs,Indonesia,www.customs.go.id
Jogjaprov,Indonesia,www.jogjaprov.go.id
PT Agung Sedayu Group,Indonesia,www.agungsedayu.com
Kementerian Energi dan Sumber Daya Mineral,Indonesia,www.esdm.go.id
Arsen,Indonesia,www.arsen.co.id
Pt. Waskita Karya (Persero),Indonesia,www.waskita.co.id
PT. Bumi Karya Persada,Indonesia,www.pertanian.go.id
Sinar Mas Land,Indonesia,www.sinarmasland.com
Bpk,Indonesia,www.bpk.go.id
Komisi Akreditasi Rumah Sakit,Indonesia,www.kars.or.id
Hadipranasvr,Indonesia,www.hadipranasvr.co
PT Hutama Karya (Persero),Indonesia,www.hutamakarya.com
Kemdiknas,Indonesia,www.kemdiknas.go.id
Pt Semoga Jaya Samarinda Kosong_,Indonesia,-
merahputih.id,Indonesia,www.merahputih.id
